0	XUB15942.1|MIS-L388308160_Victoria
1	YCK18578.1|B/Florida/ISC-1021/2025_Victoria
2	XPO86820.1|GKISBBBE63551_Victoria
3	XUM69494.1|B/New_York/14/2025_Victoria
4	XPO73134.1|MA-Broad_MGH-23038_Victoria
5	YDZ88420.1|LACPHL-INF02620_Victoria
6	YEV83767.1|LACPHL-INF02763_Victoria
7	YCB08924.1|B/Iowa/43/2025_Victoria
8	XUM68801.1|B/Minnesota/17/2025_Victoria
9	WJN11162.1|B/Iowa/09/2023_Victoria
a	XAV67696.1|MIS-L375463185_Victoria
b	XBP24213.1|B/District_Of_Columbia/01/2024_Victoria
c	XBP26088.1|B/New_Jersey/10/2023_Victoria
d	WZD44552.1|B/California/27/2023_Victoria
e	XAV64061.1|UM-10056808492_Victoria
f	WJN11195.1|B/Iowa/11/2023_Victoria
10	WJZ61808.1|KHDSS230662_Victoria
11	WWZ33292.1|WA-UW-26535_Victoria
12	XPK61952.1|12242.16AV1_Victoria
13	XSS68449.1|HG_Victoria
14	YBG62386.1|IBL-C250400112_Victoria
15	XUM70044.1|B/Vermont/03/2025_Victoria
16	XPF60968.1|MA-Broad_MGH-22994_Victoria
17	XUB15723.1|MIS-L388032881_Victoria
18	XPO86907.1|GKISBBBE07526_Victoria
19	XQW41127.1|J01_Victoria
1a	XTR47859.1|B623120303_Victoria
1b	XUB16002.1|MIS-RR011046061_Victoria
1c	WXB50659.1|UM-10056071187_Victoria
1d	XRA44273.1|MA-Broad_MGH-23539_Victoria
1e	XCV22102.1|OR-S25538_Victoria
1f	XPB67521.1|MA-Broad_MGH-16277_Victoria
20	XPB67587.1|MA-Broad_MGH-16578_Victoria
21	XPB67664.1|MA-Broad_MGH-16788_Victoria
22	XDE79284.1|H20-344-3679_Victoria
23	XZS42616.1|B/California/NIRC-IS-1027/2025_Victoria
24	YAJ54566.1|WA-UW-91795_Victoria
25	YEV98606.1|CA-SMCPHL-26B0009_Victoria
26	YEV98564.1|CA-SMCPHL-26B0011_Victoria
27	YEV98511.1|CA-SMCPHL-26B0026_Victoria
28	YEV98533.1|CA-SMCPHL-26B0016_Victoria
29	XUM62122.1|GKISBBBE43634_Victoria
2a	WBO06612.1|B/Michigan/02/2022_Victoria
2b	XRQ52686.1|B/Wisconsin/15/2025_Victoria
2c	XUM68504.1|B/Kentucky/02/2025_Victoria
2d	WNS53605.1|B/Colorado/38/2023_Victoria
2e	UUV45502.1|B/Montana/02/2022_Victoria
2f	WJN11382.1|B/Massachusetts/02/2023_Victoria
30	QGQ57382.1|B/District_Of_Columbia/19/2019_Victoria
31	XPK61887.1|12318.05AV1_Victoria
32	XPK61938.1|9506.23AV1_Victoria
33	XPK61928.1|9854.22AV1_Victoria
34	WES29140.1|B/Arizona/02/2022_Victoria
35	QRV07552.1|B/Oregon/11/2020_Victoria
36	QEU48965.1|TM-12875_57_Victoria
37	QEU48967.1|TM-10944_62_Victoria
38	WJZ61851.1|KCH156309_Victoria
39	XOT53091.1|WA-S27485_Victoria
3a	QZO20269.1|CS20N212xP1_Victoria
3b	WAT59630.1|MDCK_Victoria
3c	XOT57282.1|WA-S27998_Victoria
3d	YCK63415.1|RE577799_Victoria
3e	WJZ61777.1|KHDSS250695_Victoria
3f	WJZ61786.1|KHDSS240817_Victoria
40	XOT58215.1|WA-S28130_Victoria
41	XOT62485.1|WA-S28172_Victoria
42	XPK61688.1|9522.01AV1_Victoria
43	XOT55016.1|WA-S28052_Victoria
44	QXT60758.1|rg-B/USA/24-CIP100_RGFK_1877/2018_Victoria
45	AVA17109.1|11_Victoria
46	QWZ14717.1|NA0012485427_S1_Victoria
47	QCT23381.1|B/Nicaragua/7814_02/2017_Victoria
48	QCG85948.1|B/Maryland/03/2019_Victoria
49	WGG96799.1|PV01317_Victoria
4a	QGW43029.1|B/Alabama/08/2019_Victoria
4b	XOT59460.1|WA-S28447_Victoria
4c	ARS00065.1|B/Georgia/06/2017_Victoria
4d	ASZ79201.1|B/Nicaragua/7699_03/2014_Victoria
4e	QED94586.1|B/Florida/27/2019_Victoria
4f	QEU48963.1|TM-3038_62_Victoria
50	QSQ28696.1|B/Florida/09/2020_Victoria
51	XPK61783.1|9505.03AV1_Victoria
52	XPK61675.1|9857.06AR2_Victoria
53	ARQ87354.1|B/Wisconsin/27/2017_Victoria
54	ARW80441.1|B/Rhode_Island/06/2017_Victoria
55	AUO37902.1|B/swine/Hong_Kong/2850/2016_Victoria
56	ATP81561.1|B/Michigan/74/2017_Victoria
57	AXA17441.1|B/Wisconsin/25/2018_Victoria
58	QDE08507.1|B/Idaho/09/2019_Victoria
59	AOT94233.1|B/California/74/2016_Victoria
5a	AHL94515.1|B/New_York/1352/2012_Victoria
5b	QIS76362.1|B/Maryland/255_1/2013_Victoria
5c	ANJ61479.1|B/Rochester/F134/2011_Victoria
5d	WDV24026.1|7H4_Victoria
5e	QCT23273.1|B/Nicaragua/6318_11/2012_Victoria
5f	AHL94220.1|B/New_York/1306/2011_Victoria
60	AGX19777.1|B/Victoria/508/2008_Victoria
61	AFH58436.1|B/reassortant/NYMC_BX-33D_Victoria
62	AFH58381.1|B/reassortant/NYMC_BX-31_Victoria
63	ANC28539.1|B/Brisbane/60/2008_Victoria
64	AFU34595.1|B/Wuhan/4/2009_Victoria
65	AHL94944.1|B/New_York/1307/2011_Victoria
66	AGX20987.1|B/Wellington/8/2011_Victoria
67	AFU34639.1|B/Wuhan/7/2009_Victoria
68	AFH58513.1|B/reassortant/NYMC_BX-43A_Victoria
69	AFU34606.1|B/Ningbo/41/2010_Victoria
6a	AFU34628.1|B/Ningbo/49/2010_Victoria
6b	AFU34617.1|B/Ningbo/429/2010_Victoria
6c	AHZ37005.1|B/Nicaragua/AGB2-36/unknown_Victoria
6d	AIG93828.1|B/Thailand/CU-B6240/2012_Victoria
6e	AHL94723.1|B/New_York/1372/2012_Victoria
6f	QFQ93277.1|DMS1498_Victoria
70	BAQ58506.1|B/Niigata/13F179/2014_Victoria
71	QEQ76171.1|G2-15.1_Victoria
72	AQN74198.1|B/Incheon/1609/2015_Victoria
73	BAQ58394.1|B/Niigata/13NU024/2014_Victoria
74	AFH58469.1|B/reassortant/NYMC_BX-37A_Victoria
75	ALH39044.1|B/Indiana/22/2015_Victoria
76	QEQ76392.1|G2-13.2_Victoria
77	WDV24004.1|8E6_Victoria
78	QCT23163.1|B/Nicaragua/4856_02/2012_Victoria
79	AHZ37082.1|B/Nicaragua/AGB2-43/2012_Victoria
7a	QCT23174.1|B/Nicaragua/4430_01/2012_Victoria
7b	QEQ55842.1|G2-14.1_Victoria
7c	WJZ61863.1|KCH110237_Victoria
7d	AHL93246.1|B/New_York/1205/2009_Victoria
7e	ACA65075.1|Influenza_B_virus_(B/Mississippi/UR06-0551/2007)_Victoria
7f	ACA96618.1|Influenza_B_virus_(B/Mississippi/UR06-0345/2007)_Victoria
80	AFR45870.1|B/Thailand/CU-B2390/2010_Victoria
81	AHL92035.1|B/New_York/1091/2006_Victoria
82	ACF54235.1|B/NYMC_BX-17_Victoria
83	WAQ13997.1|B/Malaysia/2506/2004-MA_Victoria
84	WAQ14074.1|B/Pennsylvania/5/2007_Victoria
85	WAQ14096.1|B/Bangladesh/5278/2006_Victoria
86	AFH58370.1|B/reassortant/NYMC_BX-29A_Victoria
87	ABL76969.1|Influenza_B_virus_(B/Osaka/547/1997)_Victoria
88	AGX17972.1|B/Sydney/25/2005_Victoria
89	AGX18423.1|B/Newcastle/12/2005_Victoria
8a	AGX18236.1|B/Sydney/27/2005_Victoria
8b	ABL76837.1|Influenza_B_virus_(B/Hawaii/11/2004)_Victoria
8c	ACO05946.1|B/NYMC_BX-15_Victoria
8d	ABN50558.1|Influenza_B_virus_(B/Taiwan/1484/2001)_Victoria
8e	AHL91761.1|B/New_York/1053/2002_Victoria
8f	ABL76958.1|Influenza_B_virus_(B/Hong_Kong/70/1996)_Victoria
90	AAT69436.1|B/Hong_Kong/330/2001_Victoria
91	AFH58249.1|B/reassortant/NYMC_BX-3_Victoria
92	ABL77321.1|Influenza_B_virus_(B/Hong_Kong/02/1993)_Victoria
93	ABN58661.1|Influenza_B_virus_(B/Czechoslovakia/69/1990)_Victoria
94	ABL77244.1|Influenza_B_virus_(B/Victoria/02/1987)_Victoria
95	ABN50602.1|Influenza_B_virus_(B/Texas/37/1988)_Victoria
96	BFJ90134.1|B/Yamagata/126C25/2016_Yamagata
97	QHZ08108.2|114_Yamagata
98	BFJ90128.1|B/Yamagata/126C8/2016_Yamagata
99	AQS97642.1|B/Indiana/27/2016_Yamagata
9a	AXB54003.1|B/Indiana/33/2017_Yamagata
9b	AVR52490.1|B/Washington/06/2018_Yamagata
9c	BFJ90129.1|B/Yamagata/126C11/2016_Yamagata
9d	ASN28884.1|B/New_York/WC-LVD-15-016/2015_Yamagata
9e	AVA17120.1|12_Yamagata
9f	AVA16237.1|2_Yamagata
a0	YBR34411.1|B/Wisconsin/10/2016_Yamagata
a1	UEA10180.1|2221_Yamagata
a2	BFJ90133.1|B/Yamagata/126C23/2016_Yamagata
a3	AXA14322.1|B/Michigan/90/2017_Yamagata
a4	QDA45885.1|6_Yamagata
a5	QGW43051.1|B/Alaska/11/2019_Yamagata
a6	QJP03062.1|B/Connecticut/09/2020_Yamagata
a7	ANW79203.1|B/North_Carolina/04/2016_Yamagata
a8	QBL95914.1|B/California/36/2018_Yamagata
a9	QDJ74602.1|B/Iowa/20/2019_Yamagata
aa	QEO60537.1|B/Hawaii/31/2019_Yamagata
ab	QFQ94704.1|DMS3416_Yamagata
ac	XPK62006.1|7497.07AV1_Yamagata
ad	QJA12618.1|B/Maryland/09/2020_Yamagata
ae	QCT23425.1|B/Nicaragua/7793_01/2017_Yamagata
af	QDK56985.1|B/Ohio/9162/2019_Yamagata
b0	QIQ42807.1|B/Georgia/09/2019_Yamagata
b1	ANW80039.1|B/Texas/25/2016_Yamagata
b2	ASN11711.1|B/New_York/WC-LVD-15-007/2015_Yamagata
b3	QER46069.1|G2-34.1_Yamagata
b4	AML42597.1|B/Brisbane/4/2014_Yamagata
b5	AML43970.1|B/South_Australia/23/2014_Yamagata
b6	AML32379.1|B/Victoria/801/2013_Yamagata
b7	WAQ13920.1|B/reassortant/ISMMS_M2P4-3_(B/Pennsylvania/5/2007_x_B/Texas/06/2011_x_B/Michigan/1/1971_x_B/Malaysia/2506/2004-MA)_Yamagata
b8	WAQ13953.1|B/Human/New_York_City/Texas_11_P1/2018_Yamagata
b9	QXT60853.1|B/USA/6/2017_Yamagata
ba	AFH57898.1|B/reassortant/NYMC_BX-25A_Yamagata
bb	AFH58491.1|B/reassortant/NYMC_BX-41_Yamagata
bc	QXT60815.1|B/USA/14/2017_Yamagata
bd	WAQ13986.1|B/reassortant/ISMMS_M3P6-7_(B/Pennsylvania/5/2007_x_B/Texas/06/2011_x_B/Florida/4/2006-MA_x_B/Michigan/1/1971_x_B/Yamagata/16/1988)_Yamagata
be	WAQ14019.1|B/Florida/4/2006-MA_Yamagata
bf	WAQ13964.1|B/reassortant/ISMMS_M1P2-1_(B/Pennsylvania/5/2007_x_B/Texas/06/2011_x_B/Florida/4/2006-MA_x_B/Michigan/1/1971_x_B/Malaysia/2506/2004-MA)_Yamagata
c0	QXT60863.1|B/USA/7/2017_Yamagata
c1	AFH58271.1|B/reassortant/NYMC_BX-21_Yamagata
c2	AFH58282.1|B/reassortant/NYMC_BX-21A_Yamagata
c3	AGX24469.1|B/Brisbane/48/2008_Yamagata
c4	AVK43491.1|B/Bethesda/NIH001/2007_Yamagata
c5	AGX24502.1|B/Sydney/520/2008_Yamagata
c6	AHL91871.1|B/New_York/1064/2004_Yamagata
c7	AGX16105.1|B/Christchurch/188/2004_Yamagata
c8	AHM01547.1|B/Chicago/YGB_04010/2013_Yamagata
c9	QEK53373.1|TTSH-69_Yamagata
ca	AKC44160.1|B/Malaysia/U2214/2013_Yamagata
cb	AXG64373.1|S16_NP-S_E0-66_Yamagata
cc	AML45191.1|B/Newcastle/25/2014_Yamagata
cd	AIG93842.1|B/Thailand/CU-H3591/2014_Yamagata
ce	QIA50803.1|B/Massachusetts/2/2012_BX-51C_Yamagata
cf	AGX23677.1|B/Sydney/503/2007_Yamagata
d0	ABX71684.1|B/Guangzhou/01/2007_Yamagata
d1	ACF54169.1|B/NYMC_BX-5A_Yamagata
d2	ACF54191.1|B/NYMC_BX-7_Yamagata
d3	AGX16138.1|B/Christchurch/402/2004_Yamagata
d4	ABL77189.1|Influenza_B_virus_(B/Ulan-Ude/6/2003)_Yamagata
d5	AFJ80700.1|B/Malaysia/24296/2003_Yamagata
d6	ABL76881.1|Influenza_B_virus_(B/Hong_Kong/542/2000)_Yamagata
d7	AGX21743.1|B/Sydney/201/2002_Yamagata
d8	AHL91222.1|B/New_York/1004/1995_Yamagata
d9	AHL91464.1|B/New_York/1026/2001_Yamagata
da	AHL91574.1|B/New_York/1036/2001_Yamagata
db	ABO72377.1|Influenza_B_virus_(B/Temple/B1166/2001)_Yamagata
dc	ABL76804.1|Influenza_B_virus_(B/Kouchi/193/1999)_Yamagata
dd	AHL91365.1|B/New_York/1017/1997_Yamagata
de	ABL76936.1|Influenza_B_virus_(B/Russia/22/1995)_Yamagata
df	ABL77288.1|Influenza_B_virus_(B/Hong_Kong/03/1992)_Yamagata
e0	ABN50657.1|Influenza_B_virus_(B/New_York/24/1993)_Yamagata
e1	AFH57986.1|B/Panama/45/1990_Yamagata
e2	AFH58557.1|B/reassortant/NYMC_BX-42_Yamagata
e3	ABL77277.1|Influenza_B_virus_(B/Singapore/04/1991)_Yamagata
e4	ABN50635.1|Influenza_B_virus_(B/Cordoba/2979/1991)_Yamagata
e5	AHL91178.1|B/New_York/1000/1993_Yamagata
e6	ABL77310.1|Influenza_B_virus_(B/Connecticut/07/1993)_Yamagata
e7	ABL77299.1|Influenza_B_virus_(B/Oita/15/1992)_Yamagata
e8	AHL91277.1|B/New_York/1009/1995_Yamagata
e9	QXT60783.1|B/USA/15/2017_Yamagata
ea	WAQ14030.1|B/Yamagata/16/1988_Yamagata
eb	ABQ81842.1|B/Russia/69_Yamagata
ec	WAQ13942.1|B/Great_Lakes/1739/1954_Yamagata
ed	WAQ13975.1|B/Michigan/1/1971_Yamagata
ee	AAA43716.1|B/Lee/1940_Yamagata
ef	AFH58535.1|B/reassortant/NYMC_BX-38-1P-1_Yamagata
